-- phpMyAdmin SQL Dump
-- version 4.9.0.1
-- https://www.phpmyadmin.net/
--
-- 主機： sql302.byetcluster.com
-- 產生時間： 2022 年 08 月 15 日 03:43
-- 伺服器版本： 10.3.27-MariaDB
-- PHP 版本： 7.2.22

SET SQL_MODE = "NO_AUTO_VALUE_ON_ZERO";
SET AUTOCOMMIT = 0;
START TRANSACTION;
SET time_zone = "+00:00";


/*!40101 SET @OLD_CHARACTER_SET_CLIENT=@@CHARACTER_SET_CLIENT */;
/*!40101 SET @OLD_CHARACTER_SET_RESULTS=@@CHARACTER_SET_RESULTS */;
/*!40101 SET @OLD_COLLATION_CONNECTION=@@COLLATION_CONNECTION */;
/*!40101 SET NAMES utf8mb4 */;

--
-- 資料庫： `epiz_31651599_sgr`
--

-- --------------------------------------------------------

--
-- 資料表結構 `book`
--

CREATE TABLE `book` (
  `id` int(11) NOT NULL,
  `subject` varchar(30) COLLATE utf8_unicode_ci NOT NULL,
  `name` varchar(60) COLLATE utf8_unicode_ci NOT NULL,
  `exam` varchar(30) COLLATE utf8_unicode_ci NOT NULL,
  `category` varchar(30) COLLATE utf8_unicode_ci NOT NULL,
  `publisher` varchar(30) COLLATE utf8_unicode_ci NOT NULL,
  `picture` varchar(600) COLLATE utf8_unicode_ci NOT NULL,
  `dataAmount` int(11) NOT NULL DEFAULT 0,
  `overall` decimal(4,3) NOT NULL DEFAULT 0.000,
  `content` decimal(4,3) NOT NULL DEFAULT 0.000,
  `difficulty` decimal(4,3) NOT NULL DEFAULT 0.000,
  `answer` decimal(4,3) NOT NULL DEFAULT 0.000,
  `layout` decimal(4,3) NOT NULL DEFAULT 0.000
) ENGINE=InnoDB DEFAULT CHARSET=utf8 COLLATE=utf8_unicode_ci;

--
-- 傾印資料表的資料 `book`
--

INSERT INTO `book` (`id`, `subject`, `name`, `exam`, `category`, `publisher`, `picture`, `dataAmount`, `overall`, `content`, `difficulty`, `answer`, `layout`) VALUES
(2, '國文', '新大滿貫國文總複習', '學測', '工具書', '翰林', 'https://i.imgur.com/SLwIjUO.jpg', 4, '3.250', '5.000', '3.500', '2.500', '3.000'),
(9, '英文', '主題百匯高中克漏字', '學測', '閱讀測驗/克漏字', '晟景', 'https://i.imgur.com/4aFpMJR.jpg', 9, '4.111', '4.667', '4.556', '3.333', '3.111'),
(13, '英文', 'Ace Reading', '學測', '閱讀測驗/克漏字', '翰林', 'https://i.imgur.com/py3Ljx8.jpg', 1, '4.000', '4.000', '2.000', '3.000', '4.000'),
(14, '英文', 'Reading Highlight 3', '其他', '閱讀測驗/克漏字', 'AMC', 'https://i.imgur.com/sz08oEX.jpg', 2, '4.000', '4.500', '3.500', '1.000', '4.000'),
(15, '英文', '寫作特訓班', '學測', '寫作', 'LiveABC', 'https://i.imgur.com/aa0GrYE.jpg', 1, '4.000', '5.000', '4.000', '3.000', '4.000'),
(16, '國文', '古今悅讀100', '學測', '閱讀測驗/克漏字', '龍騰', 'https://i.imgur.com/eZJmd8l.jpg', 13, '4.385', '4.769', '3.692', '4.077', '3.692'),
(18, '自然', '學測4568高中全國模擬測驗試題彙編', '學測', '歷屆模考題', '南一', 'https://i.imgur.com/Ni2M61Y.jpg', 1, '3.000', '3.000', '3.000', '2.000', '2.000'),
(20, '英文', '主題式翻譯', '學測', '翻譯', '翰林', 'https://i.imgur.com/jJUlBMV.jpg', 7, '4.429', '4.571', '3.571', '3.429', '3.714'),
(21, '國文', '三十精進', '學測', '地毯式複習講義', '晟景', 'https://i.imgur.com/dAQHdoE.jpg', 8, '3.750', '4.250', '3.125', '3.375', '4.125'),
(22, '英文', '大學歷屆學測100-109', '學測', '歷屆試題', 'AMC', 'https://i.imgur.com/AYBFEpx.jpg', 4, '4.750', '4.500', '4.000', '5.000', '4.000'),
(23, '英文', '升大學學測英文 全真模擬試題(7回)', '學測', '模擬題本', '常春藤', 'https://i.imgur.com/uboh3Ek.png', 1, '3.000', '3.000', '1.000', '3.000', '3.000'),
(24, '國文', '漸進式閱讀滿分訓練', '學測', '閱讀測驗/克漏字', '晟景', 'https://i.imgur.com/817enzj.jpg', 0, '0.000', '0.000', '0.000', '0.000', '0.000'),
(25, '物理', '全方位復習講義', '學測', '地毯式複習講義', '南一', 'https://i.imgur.com/eSJ7JGs.jpg', 0, '0.000', '0.000', '0.000', '0.000', '0.000'),
(26, '物理', '新大滿貫複習講義(上)', '學測', '地毯式複習講義', '翰林', 'https://i.imgur.com/6Ef7JTX.jpg', 2, '4.000', '3.500', '3.500', '4.000', '3.500'),
(27, '物理', '新大滿貫複習講義(下)', '分科測驗', '地毯式複習講義', '翰林', 'https://i.imgur.com/o5GXhRu.jpg', 7, '4.286', '4.143', '3.714', '4.143', '4.000'),
(28, '生物', '週攻略復習講義', '學測', '周計畫', '南一', 'https://i.imgur.com/8uxDWq1.jpg', 1, '4.000', '5.000', '3.000', '3.000', '5.000'),
(29, '物理', '新關鍵圖解物理', '學測', '地毯式複習講義', '龍騰', 'https://i.imgur.com/yHXKH2A.jpg', 2, '4.000', '3.500', '4.000', '3.000', '4.500'),
(30, '生物', '新關鍵圖解生物', '學測', '地毯式複習講義', '龍騰', 'https://i.imgur.com/p8S8QwC.jpg', 5, '3.800', '3.200', '3.000', '3.400', '4.200'),
(31, '地科', '新關鍵圖解地球科學', '學測', '地毯式複習講義', '龍騰', 'https://i.imgur.com/ixdmOAx.jpg', 15, '4.934', '4.800', '3.733', '4.400', '4.733'),
(32, '化學', '新關鍵圖解化學', '學測', '地毯式複習講義', '龍騰', 'https://i.imgur.com/AuI9ewv.jpg', 0, '0.000', '0.000', '0.000', '0.000', '0.000'),
(33, '數學', '123日的淬鍊數學1-2冊', '學測', '地毯式複習講義', '晟景', 'https://i.imgur.com/1meMhZg.jpg', 7, '3.286', '4.000', '4.286', '3.286', '3.714'),
(34, '數學', '複習週記(高中數A)', '學測', '題庫', '晟景', 'https://i.imgur.com/nskgS3l.jpg', 1, '1.000', '3.000', '5.000', '3.000', '3.000'),
(35, '國文', '國文科學測魔考特訓(選擇題)', '學測', '模擬題本', '華逵', 'https://i.imgur.com/UyaMw6F.jpg', 1, '1.000', '1.000', '5.000', '1.000', '1.000'),
(36, '國文', '搶救國文大作戰', '學測', '工具書', '龍騰', 'https://i.imgur.com/gB3znAK.jpg', 8, '3.250', '4.875', '3.625', '4.125', '4.125'),
(37, '地科', '學測地球科學嘿皮書', '學測', '地毯式複習講義', '華逵', 'https://i.imgur.com/JKvqUS9.jpg', 2, '5.000', '5.000', '4.000', '5.000', '4.500'),
(38, '國文', '聚焦十五', '學測', '地毯式複習講義', '龍騰', 'https://i.imgur.com/9QYCg3R.jpg', 2, '4.500', '4.000', '3.500', '3.000', '4.000'),
(39, '國文', '大講堂文言文15篇', '學測', '地毯式複習講義', '翰林', 'https://i.imgur.com/k0zH6wR.jpg', 6, '4.500', '4.833', '3.500', '3.667', '2.833'),
(41, '英文', '複習週記(高中英文)', '學測', '題庫', '晟景', 'https://i.imgur.com/VglOD6b.jpg', 1, '5.000', '5.000', '4.000', '4.000', '4.000'),
(42, '自然', '複習週記(高中自然)', '學測', '題庫', '晟景', 'https://i.imgur.com/xn3n20H.jpg', 1, '2.000', '3.000', '2.000', '2.000', '5.000'),
(43, '數學', '複習週記(高中數B)', '學測', '題庫', '晟景', 'https://i.imgur.com/hNMuPE0.jpg', 2, '4.000', '3.500', '4.000', '4.000', '4.000'),
(44, '國文', '學測週計畫國文', '學測', '周計畫', '翰林', 'https://i.imgur.com/VYLTjNw.jpg', 0, '0.000', '0.000', '0.000', '0.000', '0.000'),
(45, '數學', '學測週計畫數學1-4冊', '學測', '周計畫', '翰林', 'https://i.imgur.com/MS7m3Va.jpg', 1, '5.000', '4.000', '3.000', '4.000', '4.000'),
(46, '英文', '學測週計畫英文', '學測', '周計畫', '翰林', 'https://i.imgur.com/PRl0peF.jpg', 2, '3.000', '3.500', '4.000', '2.500', '2.500'),
(47, '物理', '學測週計畫物理', '學測', '周計畫', '翰林', 'https://i.imgur.com/h7sJXea.jpg', 2, '4.000', '4.500', '3.000', '3.000', '3.000'),
(48, '化學', '學測週計畫化學', '學測', '周計畫', '翰林', 'https://i.imgur.com/fLM8OXq.jpg', 1, '4.000', '4.000', '3.000', '2.000', '3.000'),
(49, '地科', '學測週計畫地球科學', '學測', '周計畫', '翰林', 'https://i.imgur.com/senvf8Z.jpg', 1, '4.000', '5.000', '4.000', '2.000', '3.000'),
(50, '生物', '學測週計畫生物', '學測', '周計畫', '翰林', 'https://i.imgur.com/uJsd0iU.jpg', 1, '3.000', '4.000', '4.000', '2.000', '4.000'),
(51, '歷史', '學測週計畫歷史', '學測', '周計畫', '翰林', 'https://i.imgur.com/p7xvrn2.jpg', 1, '4.000', '4.000', '3.000', '4.000', '3.000'),
(52, '地理', '學測週計畫地理', '學測', '周計畫', '翰林', 'https://i.imgur.com/h4WD6zh.jpg', 0, '0.000', '0.000', '0.000', '0.000', '0.000'),
(53, '公民', '學測週計畫公民與社會', '學測', '周計畫', '翰林', 'https://i.imgur.com/RYgdOZn.jpg', 0, '0.000', '0.000', '0.000', '0.000', '0.000'),
(54, '國文', '學測4568高中全國模擬測驗試題彙編', '學測', '歷屆模考題', '南一', 'https://i.imgur.com/jZBirJW.jpg', 0, '0.000', '0.000', '0.000', '0.000', '0.000'),
(55, '數學', '學測4568高中全國模擬測驗試題彙編', '學測', '歷屆模考題', '南一', 'https://i.imgur.com/yHvJ3ZJ.jpg', 1, '4.000', '3.000', '4.000', '4.000', '4.000'),
(56, '英文', '學測4568高中全國模擬測驗試題彙編', '學測', '歷屆模考題', '南一', 'https://i.imgur.com/RJJmP8n.jpg', 1, '5.000', '4.000', '3.000', '4.000', '3.000'),
(57, '社會', '學測4568高中全國模擬測驗試題彙編', '學測', '歷屆模考題', '南一', 'https://i.imgur.com/WDjJCkS.jpg', 3, '2.667', '3.000', '3.333', '2.667', '2.667'),
(58, '化學', '好好學化學學測複習講義', '學測', '地毯式複習講義', '龍騰', 'https://i.imgur.com/Tq96oVj.jpg', 4, '4.000', '4.250', '2.750', '3.500', '4.000'),
(59, '國文', '新全勝國文學測12週', '學測', '模擬題本', '龍騰', 'https://i.imgur.com/GnBOlrM.jpg', 2, '3.500', '4.000', '4.000', '4.500', '4.500'),
(60, '數學', '超模數學A', '學測', '模擬題本', '龍騰', 'https://i.imgur.com/4wMFO5k.jpg', 4, '4.500', '4.250', '4.250', '4.500', '3.750'),
(61, '自然', '超模自然', '學測', '模擬題本', '龍騰', 'https://i.imgur.com/e3mjgqx.jpg', 3, '4.667', '4.667', '3.667', '4.333', '4.000'),
(62, '數學', '對話式高中數學第1冊', '學測', '地毯式複習講義', '晟景', 'https://i.imgur.com/Qf7y1WD.jpg', 1, '5.000', '5.000', '5.000', '5.000', '2.000'),
(63, '數學', '對話式高中數學第2冊', '學測', '地毯式複習講義', '晟景', 'https://i.imgur.com/SahylAj.jpg', 0, '0.000', '0.000', '0.000', '0.000', '0.000'),
(64, '數學', '對話式高中數學第3冊', '學測', '地毯式複習講義', '晟景', 'https://i.imgur.com/fCid6bo.jpg', 0, '0.000', '0.000', '0.000', '0.000', '0.000'),
(65, '數學', '對話式高中數學第4冊', '學測', '地毯式複習講義', '晟景', 'https://i.imgur.com/MIqGdmI.jpg', 0, '0.000', '0.000', '0.000', '0.000', '0.000'),
(66, '數學', '對話式高中數學甲', '學測', '地毯式複習講義', '晟景', 'https://i.imgur.com/k9VHLYH.jpg', 1, '5.000', '4.000', '3.000', '4.000', '3.000'),
(67, '國文', '閱讀的起點', '學測', '閱讀測驗/克漏字', '晟景', 'https://i.imgur.com/mecSqIk.jpg', 2, '2.500', '2.000', '2.000', '2.000', '4.000'),
(68, '英文', '閱讀的起點', '學測', '閱讀測驗/克漏字', '晟景', 'https://i.imgur.com/JK0rUX8.jpg', 0, '0.000', '0.000', '0.000', '0.000', '0.000'),
(69, '國文', '高中國文學測粉絲團', '學測', '周計畫', '晟景', 'https://i.imgur.com/uZxBMJR.jpg', 3, '3.333', '3.333', '3.667', '3.667', '4.333'),
(70, '英文', '高中英文學測粉絲團', '學測', '周計畫', '晟景', 'https://i.imgur.com/XHuU1CL.jpg', 0, '0.000', '0.000', '0.000', '0.000', '0.000'),
(71, '自然', 'Spark Light 精選歷屆北模試題', '學測', '歷屆模考題', '其他', 'https://i.imgur.com/2CxZeOQ.jpg', 5, '3.200', '4.000', '4.200', '4.000', '2.400'),
(72, '生物', '好好學生物學測總複習講義', '學測', '地毯式複習講義', '龍騰', 'https://i.imgur.com/k8RjMEg.jpg', 2, '4.500', '4.000', '3.000', '3.500', '4.500'),
(77, '數學', '新大滿貫複習講義數學A', '學測', '地毯式複習講義', '翰林', 'https://i.imgur.com/WrOw1x9.jpg', 1, '3.000', '3.000', '3.000', '3.000', '3.000'),
(78, '生物', '新大滿貫複習講義生物', '學測', '地毯式複習講義', '翰林', 'https://i.imgur.com/DO1GL1U.jpg', 6, '3.333', '4.167', '4.500', '3.000', '3.167'),
(79, '數學', '新大滿貫複習講義數學B', '學測', '地毯式複習講義', '翰林', 'https://i.imgur.com/Rr6UC8w.jpg', 1, '5.000', '5.000', '4.000', '5.000', '5.000'),
(80, '化學', '引航高中化學總複習學測篇', '學測', '地毯式複習講義', '康寧泰順書坊', 'https://i.imgur.com/bMD1Mvj.jpg', 8, '4.125', '4.125', '3.500', '3.750', '3.750'),
(81, '數學', '123日的淬鍊數學3-4冊', '學測', '地毯式複習講義', '晟景', 'https://i.imgur.com/n8s7bo5.jpg', 1, '5.000', '4.000', '4.000', '4.000', '5.000'),
(82, '地理', '新大滿貫複習講義地理1-3冊', '學測', '地毯式複習講義', '翰林', 'https://i.imgur.com/YBndOhW.jpg', 1, '3.000', '5.000', '4.000', '5.000', '4.000'),
(83, '物理', '123日的淬鍊物理', '學測', '地毯式複習講義', '晟景', 'https://i.imgur.com/hUlHLvZ.jpg', 3, '2.667', '2.000', '2.000', '2.667', '3.000'),
(84, '自然', '近十年歷屆學科能力試題解析自然科', '學測', '歷屆試題', '華逵', 'https://i.imgur.com/gzLrSD3.jpg', 1, '2.000', '3.000', '4.000', '4.000', '4.000'),
(85, '英文', '焦點英語閱讀Target Reading 3', '學測', '閱讀測驗/克漏字', '其他', 'https://i.imgur.com/HmD2bjL.jpg', 1, '5.000', '5.000', '3.000', '1.000', '5.000'),
(86, '國文', '詮達文教 108課綱素養題典', '學測', '模擬題本', '其他', 'https://i.imgur.com/ULQlT3V.jpg', 0, '0.000', '0.000', '0.000', '0.000', '0.000'),
(87, '自然', '108課綱素養題典', '學測', '模擬題本', '其他', 'https://i.imgur.com/9y3u9Yy.jpg', 1, '1.000', '2.000', '5.000', '1.000', '3.000'),
(88, '英文', '歷屆公立高中學測模擬試題', '學測', '工具書', '其他', 'https://i.imgur.com/p5Yy9AW.jpg', 0, '0.000', '0.000', '0.000', '0.000', '0.000'),
(90, '自然', '學測1000素養X混合題 自然科｜ 南一書局評鑑中心', '學測', '其他', '南一', 'https://i.imgur.com/s9I6hfn.jpg', 1, '4.000', '4.000', '4.000', '4.000', '4.000'),
(92, '國文', '學測1000素養X混合題 國文科(綜合能力測驗)| 南一書局評鑑中心 全新學測題型', '學測', '其他', '南一', 'https://i.imgur.com/RoRi3nT.jpg', 1, '4.000', '4.000', '4.000', '4.000', '4.000'),
(93, '英文', '學測1000素養X混合題 英文科 | 南一書局評鑑中心 全新學測題型', '學測', '其他', '南一', 'https://i.imgur.com/60cNpBw.jpg', 1, '4.000', '3.000', '3.000', '4.000', '4.000'),
(94, '國文', '複習週記', '學測', '題庫', '晟景', 'https://i.imgur.com/55YTqkG.jpg', 3, '3.000', '3.667', '4.333', '3.667', '4.333'),
(95, '社會', '複習週記', '學測', '題庫', '晟景', 'https://i.imgur.com/zT9mQpN.jpg', 2, '4.000', '4.000', '3.500', '4.000', '4.000'),
(96, '公民', '週攻略', '學測', '其他', '南一', 'https://i.imgur.com/asHsxwJ.jpg', 1, '5.000', '5.000', '2.000', '4.000', '5.000'),
(97, '化學', '引航高中化學總複習 分科測驗篇', '分科測驗', '地毯式複習講義', '康寧泰順書坊', 'https://i.imgur.com/QD2L7S6.jpg', 3, '3.333', '3.667', '4.333', '3.000', '2.667'),
(99, '歷史', '新大滿貫複習講義', '學測', '地毯式複習講義', '翰林', 'https://i.imgur.com/DyBjrq2.jpg', 1, '4.000', '5.000', '4.000', '5.000', '4.000'),
(100, '公民', '學測公民與社會嘿皮書', '學測', '地毯式複習講義', '華逵', 'https://i.imgur.com/FUPDdp7.jpg', 1, '4.000', '4.000', '4.000', '4.000', '4.000'),
(101, '自然', '超詳解', '學測', '歷屆試題', '其他', 'https://i.imgur.com/nL2ML9F.jpg', 0, '0.000', '0.000', '0.000', '0.000', '0.000'),
(102, '國文', '議題閱讀333 混合題高分攻略', '學測', '閱讀測驗/克漏字', '龍騰', 'https://i.imgur.com/ufaJKRI.jpg', 1, '4.000', '4.000', '3.000', '3.000', '4.000'),
(104, '數學', '數學甲關鍵60天', '分科測驗', '地毯式複習講義', '龍騰', 'https://i.imgur.com/Rdc16Ub.jpg', 0, '0.000', '0.000', '0.000', '0.000', '0.000'),
(105, '歷史', '考前攻略 歷史分科測驗16週', '分科測驗', '題庫', '龍騰', 'https://i.imgur.com/b9CHDOv.jpg', 1, '2.000', '4.000', '2.000', '1.000', '5.000'),
(106, '地理', '滿級分地理總複習講義', '學測', '工具書', '龍騰', 'https://i.imgur.com/zqUZlSm.jpg', 3, '4.333', '5.000', '3.667', '5.000', '4.333'),
(107, '歷史', '試在必得高中歷史總複習上', '分科測驗', '地毯式複習講義', '三民', 'https://i.imgur.com/qcTuCUd.jpg', 0, '0.000', '0.000', '0.000', '0.000', '0.000'),
(108, '歷史', '試在必得高中歷史總複習下', '分科測驗', '地毯式複習講義', '三民', 'https://i.imgur.com/yFJ5UI9.jpg', 0, '0.000', '0.000', '0.000', '0.000', '0.000'),
(109, '化學', '關鍵六十天 化學', '分科測驗', '地毯式複習講義', '翰林', 'https://i.imgur.com/PK1STwn.jpg', 1, '3.000', '3.000', '3.000', '3.000', '3.000'),
(110, '物理', '物理的解題方法(綠皮書)', '分科測驗', '地毯式複習講義', '其他', 'https://i.imgur.com/2ltyq7D.jpg', 0, '0.000', '0.000', '0.000', '0.000', '0.000'),
(111, '歷史', '分科週衝刺 歷史', '分科測驗', '模擬題本', '南一', 'https://i.imgur.com/R6GVcFK.jpg', 0, '0.000', '0.000', '0.000', '0.000', '0.000'),
(112, '地理', '分科週衝刺 地理', '分科測驗', '模擬題本', '南一', 'https://i.imgur.com/KGPmJ3s.jpg', 0, '0.000', '0.000', '0.000', '0.000', '0.000'),
(113, '公民', '分科週衝刺 公民與社會', '分科測驗', '模擬題本', '南一', 'https://i.imgur.com/kGYNgO1.jpg', 0, '0.000', '0.000', '0.000', '0.000', '0.000'),
(114, '生物', '考前攻略 生物', '分科測驗', '周計畫', '龍騰', 'https://i.imgur.com/V8nbeWG.jpg', 0, '0.000', '0.000', '0.000', '0.000', '0.000'),
(115, '化學', '九陰真經', '分科測驗', '地毯式複習講義', '其他', 'https://i.imgur.com/gKLmKL7.jpg', 1, '4.000', '5.000', '5.000', '4.000', '1.000'),
(116, '生物', '關鍵六十天 生物', '分科測驗', '地毯式複習講義', '翰林', 'https://i.imgur.com/LcWt2WD.jpg', 0, '0.000', '0.000', '0.000', '0.000', '0.000'),
(117, '物理', '關鍵六十天 物理', '分科測驗', '地毯式複習講義', '翰林', 'https://i.imgur.com/WoFTMXk.jpg', 2, '3.500', '3.000', '3.500', '3.500', '4.000'),
(119, '英文', '迎戰克漏字：最關鍵的60堂課', '學測', '閱讀測驗/克漏字', '常春藤', 'https://i.imgur.com/2rmaysx.jpg', 1, '5.000', '4.000', '5.000', '5.000', '5.000'),
(120, '歷史', '123日的淬煉', '學測', '地毯式複習講義', '晟景', 'https://i.imgur.com/wpmbx2o.jpg', 1, '4.000', '4.000', '3.000', '4.000', '5.000'),
(121, '地理', '123日的淬煉', '學測', '地毯式複習講義', '晟景', 'https://i.imgur.com/6FXqA8G.jpg', 1, '4.000', '3.000', '2.000', '4.000', '5.000'),
(122, '公民', '新大滿貫複習講義公民與社會', '學測', '地毯式複習講義', '翰林', 'https://i.imgur.com/3AqfiwE.jpg', 1, '5.000', '5.000', '5.000', '5.000', '5.000'),
(123, '數學', '考前攻略16週', '分科測驗', '周計畫', '龍騰', 'https://i.imgur.com/OUl0849.jpg', 1, '4.000', '4.000', '5.000', '4.000', '3.000'),
(124, '歷史', '123日的淬鍊', '學測', '地毯式複習講義', '晟景', 'https://i.imgur.com/5P6y7QT.jpg', 0, '0.000', '0.000', '0.000', '0.000', '0.000');

-- --------------------------------------------------------

--
-- 資料表結構 `mail`
--

CREATE TABLE `mail` (
  `id` int(11) NOT NULL,
  `email` varchar(40) NOT NULL
) ENGINE=MyISAM DEFAULT CHARSET=utf8;

--
-- 傾印資料表的資料 `mail`
--

INSERT INTO `mail` (`id`, `email`) VALUES
(13, 't.show0613@gmail.com'),
(12, 'ronina8122333@gmail.com'),
(14, 'yiwe950219@gmail.com'),
(15, 'jenny940829@gmail.com'),
(16, 'a0922585705@gmail.com'),
(17, 's110557@gm.fdhs.tyc.edu.tw'),
(18, '1314520999grace@gmail.com'),
(19, 'x.chengyun0916@gmail.com'),
(20, 'winnie122003@gmail.com'),
(21, 'wwangyumei686@gmail.cim'),
(22, 'wwangyumei686@gmail.com'),
(23, 'harbor00100@gmail.com'),
(24, 'irene1238900@gmail.com'),
(25, 'ruianchen503@gmail.com'),
(26, 'oo593050@gmail.com'),
(27, 'a0912358866@gmail.com'),
(28, 'choujustin93@gmail.com'),
(29, 'type920920@gmail.com'),
(30, 'f224536194@gmail.com'),
(31, 'liuannie0913@gmail.com'),
(33, 'cosi92156@gmail.com'),
(34, 'a0986485696@gmail.com'),
(35, 'carita96625668@gmail.com'),
(36, 'shiun4285@gmail.com'),
(37, 'lei.chen.eternity@gmail.com'),
(38, 'ritaw532gc@gmail.com');

-- --------------------------------------------------------

--
-- 資料表結構 `questionnaire`
--

CREATE TABLE `questionnaire` (
  `id` int(11) NOT NULL,
  `date` bigint(20) NOT NULL DEFAULT current_timestamp(),
  `book` int(11) NOT NULL,
  `overall` int(11) NOT NULL,
  `content` int(11) NOT NULL,
  `difficulty` int(11) NOT NULL,
  `answer` int(11) NOT NULL,
  `layout` int(11) NOT NULL,
  `comment` text COLLATE utf8_unicode_ci DEFAULT NULL
) ENGINE=InnoDB DEFAULT CHARSET=utf8 COLLATE=utf8_unicode_ci;

--
-- 傾印資料表的資料 `questionnaire`
--

INSERT INTO `questionnaire` (`id`, `date`, `book`, `overall`, `content`, `difficulty`, `answer`, `layout`, `comment`) VALUES
(29, 20220510045013, 33, 3, 4, 5, 3, 3, '題目太難'),
(30, 20220510045839, 71, 2, 3, 4, 3, 2, '錯字很多、\r\n有之前的題目、\r\n有的答案給錯、\r\n題目太難（？'),
(31, 20220510063355, 0, 5, 4, 3, 3, 5, '書名：淬鍊\r\n\r\n我很喜歡裡面的表格還有示意圖，統整觀念非常好用。'),
(32, 20220510063526, 2, 4, 5, 3, 2, 3, '前面的字詞成語什麼的略讀就好了，不要花太多時間，會很累，因為很無聊\r\n後面的東西比較有趣也比較有用\r\n\r\n如果真的要讀前面就每天看一點點就好\r\n我自己會把不能馬上看出來是什麼意思的畫起來\r\n但如果你覺得這東西根本不可能用到就不要理他\r\n要細讀的話就是對每個字詞造句這樣'),
(33, 20220510063541, 31, 5, 4, 3, 3, 5, '這本有很多圖畫的部分 可以幫助地科想像現象發生的過程 \r\n喜歡想像畫面來記憶，不喜歡看大量且密集的文字的人很適合這本'),
(34, 20220510063715, 16, 5, 5, 4, 4, 4, '寫得好快樂\r\n但如果是不熟的主題大概會錯得很痛苦\r\n錯很多也不要難過\r\n錯在練習不是學測就好\r\n\r\n可以把錯很多的文章貼起來，之後有時間再回去看一次'),
(35, 20220510064256, 30, 3, 3, 3, 3, 4, '新關鍵這一套書好像都是主打圖多好記憶，但我覺得這本書裡面有滿多很沒有意義的小故事跟不是很重要的插圖，有時候會看起來有點凌亂（很多考試會考的重點沒有特別強調的感覺？）\r\n題目量偏少偏簡單，建議要買的話再搭配其他講義去寫。\r\n總而言之這本沒有特別推，但拿來刷第一遍或是練練手感還是可以ㄉ'),
(36, 20220510064640, 78, 3, 4, 5, 3, 3, '這本對於二類組學生來說十分不友善\r\n雖然上面標學測用書，但其實翻開來都是選修生物喔^_^\r\n可能對於讀過選修生物的學生會滿有用的吧\r\n但對於準備學測來說應該不需要學這麼難'),
(37, 20220510064914, 9, 4, 5, 5, 3, 3, '這本我覺得蠻難的，但寫完感覺英文又提升了一個檔次????詳解我覺得沒有寫的很好，有時候看不懂（也有可能是我英文太爛）需要搭配英文老師的講解。\r\n\r\n小佑人家愛你呦???????? \r\nBy 10的4次方'),
(38, 20220510065356, 16, 4, 5, 2, 2, 3, '這本我都邊吃飯邊寫，當作休息（？）\r\n一回裡面都會有文言文和白話文，文章類型也很多種，不會有寫得太累的問題，而且不用多久就可以寫完了，算是輕鬆愉快。\r\n唯一美中不足是詳解常常有寫跟沒寫一樣。'),
(39, 20220510070356, 80, 4, 4, 3, 2, 4, '圖像偏多的書，不會整篇都是字看起來很痛苦。\r\n但是詳解給的有點爛（可能會有些錯誤）看了詳解之後如果還是有問題建議一定要直接問老師'),
(40, 20220510071309, 39, 5, 5, 3, 3, 2, '雖然叫做15篇，但裡面其實有20篇文言文（？？？）\r\n另外還附五章韻文+作者介紹+書信常識之類的，考試的時候根本不用帶一堆國文課本阿，帶這本就夠了。\r\n編排方式是在每課文言文後面附上一點字音字形/修辭/國學常識，暑假拿來排進度會讀得很舒適，但是想找特定項目的時候就會覺得他很雜。所以這個見仁見智。不過我個人蠻推的。'),
(41, 20220510071637, 36, 2, 4, 3, 3, 2, '不要買比較好，內容太雜了，就算你讀完也都忘光了，裡面也有很多不必要的東西。\r\n如果從高二開始讀就還行，高三…？算了吧。\r\n國文科好像有老師自己做了學測字音字形的整理，可以問問你的任課老師，搞不好拿得到。'),
(42, 20220510072011, 21, 4, 4, 3, 4, 4, '整體還算不錯，是古文的翻譯、文學常識，我個人覺得整理的蠻詳盡的，但沒有題目，刷題的話可能要找別本。\r\n三十精進裡面有舊課綱的，十五只有新課綱，我自己是拿三十（直屬送的），有時間都看，沒時間就看課綱內的就好。'),
(43, 20220510072445, 16, 5, 5, 5, 5, 3, '這本書很適合拿來練手感保持閱讀能力！因為我本身是蠻有國文能力的，所以雖然除了學校模考和學測指考歷屆外我只寫了四回題庫，還是拿到15級（分科59）\r\n在接近考試時，我把寫這本書當作休閒娛樂每天都寫，但是務必把錯的都好好訂正，才會事半功倍喔'),
(44, 20220510074851, 39, 4, 5, 2, 3, 2, '很基本的古文複習講義，覺得整理國學常識和文學發展的部分蠻有用的，配合前面的時間表可以多翻翻'),
(45, 20220510075125, 83, 4, 3, 2, 4, 5, '學過選修物理回來寫這本真的有點太簡單，不過學測自然難度真的也不高。這套書很新，排版美編好看，單純喜歡它的圖所以推推。'),
(46, 20220510075255, 31, 5, 5, 4, 5, 4, '超激推！有很用心的比較表格和記憶方法、理解誤區等等，作者寫的也比較幽默，學地科真的要靠這種方法融會貫通！買就對了！'),
(47, 20220510075425, 30, 4, 3, 3, 4, 3, '普推，沒有太大優點也沒有記憶點的書，難度適宜，二類組讀這本就夠不要買太難的虐待自己。'),
(48, 20220510075604, 80, 4, 5, 3, 5, 3, '排版老氣，內容還行，插圖不錯，詳解厚厚一本頗暖心，普推'),
(49, 20220510075747, 33, 2, 4, 5, 2, 4, '前面的例題都很和藹可親，後面練習題不知道是突然魔王關還怎樣，寫到差點放棄人生。建議心臟素質沒那麼強不要輕易嘗試。\r\n對了，最後面有附分冊的單元練習，那個難度就還可以啦。'),
(50, 20220510080055, 46, 2, 4, 5, 2, 3, '難到爆。後面的題目偏艱澀冷門，什麼化石買賣、月球火山口，看10分鐘看不懂欸。\r\n我平常英文都大概扣10分以內，寫這本一定都15起跳，根本信心打擊。'),
(51, 20220510080957, 47, 4, 5, 3, 2, 3, '後面有幾章是「自然領域生活議題」、「十大物理實驗」、「近年諾貝爾獎桂冠」，算是一些就算不會考，學會也會覺得「好像變厲害了」的小東西，推薦給你們。\r\n(BTW學測物理很喜歡考當年度的諾貝爾獎)'),
(52, 20220510082027, 9, 5, 5, 4, 5, 3, '買吧！'),
(53, 20220510082052, 37, 5, 5, 4, 5, 4, '買！'),
(54, 20220510082457, 83, 1, 1, 1, 2, 3, '其實我讀了幾秒就讀不下去\r\n咳咳\r\n抱歉了但\r\n\r\n垃圾'),
(55, 20220510082720, 37, 5, 5, 4, 5, 5, '超喜歡這本\r\n是我讀學測的時候讀到會很開心的書！\r\n被其他學科傷害到不行的時候讀這本就很快樂\r\n龍叔的詳解寫得很好，很像他在親自教你，不會有看不懂的地方\r\n內容也不會太難，快快樂樂！'),
(56, 20220510082950, 80, 4, 4, 4, 3, 4, '是一到書局就被老闆推薦的書\r\n聽說是某男校的老師私開補習班的課本\r\n成大化工博士的姊說他的題目有些很怪，所以如果寫得時候覺得三小也不要太擔心，不要鑽牛角尖'),
(57, 20220510083055, 78, 2, 4, 5, 3, 3, '就是把生物指考的東西也塞進來\r\n不推\r\n你要用這本真的要三思\r\n你可能不小心花太多時間在讀超範圍的東西'),
(58, 20220510083430, 31, 5, 5, 5, 4, 5, ''),
(59, 20220510084040, 9, 4, 5, 4, 2, 3, '覺得妙妙跟歷屆簡單、尋求挑戰的可以寫，錯很多頗正常，很多很酷的字可以背幾個起來用在作文裡。\r\n詳解基本上只有翻譯的功用，不會的去google或問老師比較快'),
(60, 20220510085114, 30, 4, 3, 3, 4, 5, '重點都有，圖也很好看，也有滿多素養跟手寫題型，但是細節就比較沒有補充，可能會比較難有全面的理解，要再自己去問老師，或是要搭配自己高一的筆記'),
(61, 20220510085732, 20, 5, 4, 3, 4, 3, '寫完有認真訂正對翻譯還有作文都很有用，記得要訂正！！！！'),
(62, 20220510090932, 14, 4, 5, 4, 1, 4, '1~3都寫完的話可以有很扎實的英文閱測練習!但缺點是完全沒有解析TT(就只有解答而已'),
(63, 20220510091210, 61, 5, 5, 4, 5, 4, '我自己覺得跟111學測難度差不多!寫起來投資報酬率頗高(?)\r\n詳解也滿清楚的~\r\n這本推!'),
(64, 20220510092233, 31, 5, 5, 4, 5, 4, '暑假自己先複習一輪的話，我覺得看這本最實在，把複雜的地方用白話的方式講得很清楚（尤其是天文的部分，相信很多人跟我一樣是天文苦手），基本上一個暑假應該是要可以念完的，之後要刷題的話推薦香吉試的學測複習講義（翰林出版），裡面蠻多奇怪的題目，有點像學測說的素養（就是很跳動的意思）'),
(65, 20220510092950, 16, 4, 4, 5, 2, 3, '國文部份，除了努力背國學常識之外，另外很推薦的就是刷閱讀測驗!!!（自己個人暑假刷完2本），推薦這本的原因是題目量夠、內容也廣泛，大部分的題目類型都有放進去了吧\r\n\r\n缺點大概有2個，第1是文言文的部分偏難，有時候會讓人寫到生氣，第2是解答有時候會寫得裡所當然，然後看完後還是無法理解到底它在寫什麼\r\n\r\n但之所以會推薦主要還是題目量夠多，而且真的寫完之後閱讀測驗會有蠻大的進步，尤其是文言文的部分'),
(66, 20220510093349, 36, 2, 5, 3, 5, 3, '先說…這本書很多人都會買，我自己也是，因為一開始看會覺得它內容超多超詳盡感覺很棒啊，但是!!我自己後來看了1個月就看不下去了…因為實在是…太!詳!盡!了，勘比國文老師的教師用手冊吧…裡面寫了很多的內容其實現在都不會考了，個人覺得不用浪費錢買!!!（而且我印象中它一本不便宜）'),
(67, 20220510101351, 60, 5, 5, 4, 5, 5, '題目有難度、有水準，非常推薦的一本書'),
(68, 20220510112313, 21, 3, 5, 4, 3, 4, '書的封面長得很好看超有質感ㄉ\r\n內容也蠻豐富的\r\n但是覺得內頁的排版就是字很多的排版會有點雜\r\n可以自己斟酌ㄛ！（反正我到最後也是沒看完啦）（喔我比較推大滿貫但是我也沒看完）'),
(69, 20220510112430, 29, 4, 3, 5, 2, 4, '沒什麼講解題目為主 但我覺得他題目是選的還不錯啦！推薦給物理本身就還不差的人'),
(70, 20220510112514, 31, 5, 5, 4, 5, 4, '阿就很讚 應該大家都推吧'),
(71, 20220510112622, 72, 4, 3, 3, 3, 4, '它講的不會很難 然後有些觀念辯證還不錯適合給想要抓大方向就好的人'),
(72, 20220510131057, 78, 4, 5, 4, 4, 4, '這本內容有帶到一些選修生物的部分，所以如果是三類寫這本我覺得還不錯，啊如果是二類的話就自己斟酌一下XD（但時間許可的情況下，多學一點也沒差，畢竟學測也不可能完全考在基礎生物的範圍，多少都還是有機率延伸考到選修的範圍）'),
(73, 20220510133512, 84, 2, 3, 4, 4, 4, '這本沒有針對新課綱去更動，所以要寫這本的學妹要自己跳過超綱的題目，但因為它也不會告訴你哪邊超綱，所以得要自己找同學對照。而且其實近十年學測把超綱的題目刪一刪就剩沒幾題了，這本也沒有給出版社自己出的針對108課綱的模擬題，整體來說就是寫來增加自信的。（順帶一提，如果用寫這本拿到的成績來換算該年級分，通常那個數字是沒有什麼參考價值的，實際考出來會比那個還低：）除非你有超過15級分的實力啦⋯）'),
(74, 20220510134228, 29, 4, 4, 3, 4, 5, '這本的每章節一開始的地方都有一個大統整（通常會搭配大量插圖）\r\n有別於雄女補教（輔教？）那種文字量很大的書，這是一本寫起來很輕鬆的參考書，插圖蠻多的，可以讓寫物理不要那麼沉悶，而且它的插圖也不是隨隨便便的圖，那些圖都可以方便記憶，可以讓一些抽象的物理想法更具象化一點。'),
(75, 20220510144045, 57, 2, 4, 4, 3, 2, '上一個課綱的學長姐很多都推薦4568，但我覺得對108課綱來說內容很多都超綱了。而且大多內容都是直接修改歷屆學測題目的，雖然不是完全一樣，但我覺得如果刷題的順序是先題本，再來才是歷屆的話，似乎多少會影響在寫歷屆的時候分數的準確度'),
(76, 20220510190648, 80, 5, 5, 5, 5, 4, '雖然是四年前使用的了不知道現在如何，但我覺得這本按單元編排，內容不會太繁雜，後面題目的量及難易度也適中，不會讓人有種越不過高牆的感覺，記得當初備考的時候寫得很開心（？？？）這系列的參考書我直到大學修普化都還會回來翻一下，研究所考試普化考前抱佛腳也是翻它（只翻個十幾分鐘還猜到兩題，不知道是我太會翻還是它編得好XD）'),
(77, 20220510201305, 9, 4, 5, 4, 4, 2, '真的很有用，覺得自己英文很爛的，就要瘋狂寫這本，一直寫一直讀一直寫一直讀，英文就會變好囉'),
(78, 20220510201815, 85, 5, 5, 3, 1, 5, '如果想要全彩的閱讀測驗可以選這本，適合練手感；另一個優點是題材豐富包山包海，這本書原本是母語者寫的，翻譯後加上單字補充，後面還有類似雜誌的文章中文翻譯。我就曾經在模擬考寫到其中一個文章的主題，大推！！\r\n不過如果想練難度、也沒什麼其他時間練習閱讀測驗的話還是不要選這本，如果妙妙的閱讀測驗5顆星，那這本應該只有4顆星。我自己是把它當放鬆寫的，因為還可以看圖片、吸收知識什麼的。就看學妹們想怎麼選擇囉！'),
(79, 20220510214301, 2, 3, 5, 4, 3, 3, '有點太多會我最後讀不完'),
(80, 20220510214422, 21, 2, 3, 2, 4, 3, '書很厚其實沒有太多有用的內容'),
(81, 20220510214452, 16, 5, 5, 4, 4, 4, '一定要寫完、訂正完\r\n國文就是多寫多練保持手感'),
(82, 20220510214540, 33, 2, 3, 4, 3, 2, '後面練習題完全沒空間寫而且過難，題目安排也讓人寫不下去我沒有寫完'),
(83, 20220510214610, 39, 5, 5, 4, 5, 4, '這本還滿好用的，內容和講解也都很詳細\r\n如果時間夠可以多看幾遍\r\n古文十五是基本一定要把握住'),
(84, 20220510214630, 9, 3, 3, 5, 4, 3, '很難有很多新的單字學測其實不會這麼難，但還是可以練看看'),
(85, 20220510214700, 22, 5, 4, 4, 5, 4, '詳解非常詳細歷屆推薦這本'),
(86, 20220510214738, 36, 4, 5, 4, 5, 4, '其實可以不用買\r\n如果有時間的話能看完當然很好\r\n但古文、閱讀題跟寫作才是學測的重點'),
(87, 20220510214739, 31, 5, 4, 5, 4, 5, '很詳細也整理的很生動'),
(88, 20220510214808, 30, 3, 3, 3, 3, 4, '沒有到很詳細 章節也切的有點奇怪'),
(89, 20220510214901, 80, 5, 5, 4, 5, 4, '內容寫得很詳細、練習的題目也夠\r\n可以很扎實的把高一整冊複習完 滿不錯的！'),
(90, 20220510215208, 31, 5, 5, 4, 5, 5, '推推 圖片配合文字講解 真的很好用\r\n學測前把這本多啃幾遍就對了\r\n我自己是看完重點後\r\n先寫歷屆試題把關鍵考題留著\r\n整本複習完一輪後\r\n再看一次前面的重點去寫關鍵考題'),
(91, 20220510221046, 43, 4, 2, 3, 4, 4, '很薄的一本書，如果只是想練題目非常推薦，尤其數A跨數B買不到純數B講義的那種。重點整理的筆記字體很可愛，但是稍微難閱讀，而且不是所有重點都有。建議到實體書店翻翻看'),
(92, 20220510221147, 16, 5, 5, 4, 3, 4, '最有用，一定要寫'),
(93, 20220510221336, 43, 4, 5, 5, 4, 4, '整人遊戲，非常難，但寫完應該進步很多'),
(94, 20220510221432, 36, 3, 5, 3, 3, 5, '內容豐富，但會看不下去，也沒必要看，多練閱讀比較好'),
(95, 20220510221537, 56, 5, 4, 3, 4, 3, '難易適中'),
(96, 20220510221652, 60, 5, 4, 5, 4, 4, '算難，但還沒比學測難'),
(97, 20220510221736, 38, 5, 5, 3, 3, 5, '整理十五篇很有用，模擬考很有幫助'),
(98, 20220510221850, 20, 4, 5, 4, 3, 4, '可以學到很多，但會有點煩'),
(99, 20220510222016, 55, 4, 3, 4, 4, 4, '可當入門，但對數a來說遠遠不夠'),
(100, 20220510224045, 0, 0, 0, 0, 0, 0, ''),
(101, 20220510224520, 21, 5, 5, 4, 4, 5, '提早買提早看完沒教過的課文補充知識ㄛ'),
(102, 20220510224706, 31, 4, 5, 3, 4, 5, '圖片很漂亮 而且用圖片解釋會比較好懂 且旁邊有小tips提醒 還蠻實用的 難度適中'),
(103, 20220510224942, 71, 3, 5, 5, 4, 3, '歷屆北模的範圍有太多跟學測範圍不一樣 所以可能會寫到很挫折 也有可能會寫到完全沒學過的題目 建議可以當成素養學習 最後有空再寫'),
(104, 20220510225255, 9, 4, 5, 5, 3, 4, '單字有些超出學測範圍 算是偏指考範圍 但是現在學測英文有越來越難的趨勢 可以寫一下當複習克漏字加單字'),
(105, 20220510225502, 33, 4, 4, 4, 4, 4, '這本算是中規中矩的數學複習講義 就沒有特別難或簡單 複習基本觀念的時候可以用 但有些比較細的觀念會沒有 單元後面有比較難的練習題可以寫 算還不錯'),
(106, 20220510225801, 36, 3, 5, 5, 5, 5, '現在考文學常識的機會比較少 但是在複習作家或一些觀念時 這本還蠻好用的 但是很厚一本 不建議全讀'),
(107, 20220510230223, 22, 5, 5, 4, 5, 4, '歷屆學測絕對是必讀 有些年的會特別難 詳解寫的很細 也會有補充 還不錯'),
(108, 20220510230459, 39, 4, 4, 4, 4, 4, '文言文要讀熟 這本可以全部複習 算還不錯 但我們111這屆好像根本沒考課內文言文== 但這都算課內範圍 還是建議讀熟'),
(109, 20220510230832, 78, 5, 5, 5, 3, 4, '這本的觀念都是大觀念 有些比較細的觀念可能需要自己去看課本 而且這本的範圍算是指考範圍 所以如果只是想複習學測範圍的話 不算推 但複習指考很好用呦 還會缺貨'),
(110, 20220511000627, 51, 4, 4, 3, 4, 3, '多素養閱讀題，題目比學測稍微難一點。若沒有自己的讀書計畫，可以跟著這本書的進度來唸書準備。加油！'),
(111, 20220511000810, 2, 2, 5, 3, 2, 3, '內容有點過多過雜，當工具書做使用即可。'),
(112, 20220511001900, 67, 2, 1, 2, 1, 4, '題目內容和學測考題有落差，可以拿來做熟悉文字的書就好。'),
(113, 20220511044745, 31, 5, 5, 3, 3, 4, '我覺得這本書我很喜歡它寫觀念的部分，個人認為滿清楚，而且會有易錯觀念的提醒，而且解釋地很好理解，至於題目部分我認為偏也是蠻多的蠻夠的！'),
(114, 20220511063817, 87, 1, 2, 5, 1, 3, '1.很多答案跟詳解的答案不符\r\n2.有些答案表內的答案數量跟題目數量不符\r\n3.掛名素養題典實是找沒有人會知道的東西來出題，文本內也沒有足夠的說明讓寫的人能夠判斷，且部分為需要死記的東c\r\n4.選項愛玩文字遊戲'),
(115, 20220511070151, 90, 4, 4, 4, 4, 4, '可以練習寫混合題的手感，有單科的也有跨科的混合題，文章內容也補充許多東西我覺得對考試也有幫助，就是有些題目少了點XD'),
(116, 20220511070612, 20, 4, 4, 4, 2, 4, '想訓練翻譯的話可以考慮一下這本，可以建立組織英文句子架構的能力。解答的部分如果覺得自己跟答案不一樣但寫的沒問題可以去問老師看看，畢竟翻譯可以有很多種答案XD'),
(117, 20220511070843, 92, 4, 4, 4, 4, 4, '目前坊間很少數的混合題講義，覺得蠻不錯的，跟15篇選文有連結也有課外補充的，也會比較抓的到寫混合題的方向（其實個人覺得這本沒有很好寫XD蠻有難度的）'),
(118, 20220511071002, 22, 4, 4, 4, 5, 4, '詳解比題目還厚，個人覺得詳解要認真看，裡面滿多重要單字片語的。'),
(119, 20220511071141, 93, 4, 3, 3, 4, 4, '我覺得這本偏簡單，主要是抓閱讀英文跟寫英文混合題的感覺，但題目出的不難。'),
(120, 20220511073730, 95, 5, 5, 3, 5, 5, '較學測難一點，但是題目很好，詳解也很詳細，可以提升對社會科的熟悉度，也可以更好的掌握手寫題。推薦！'),
(121, 20220511074209, 96, 5, 5, 2, 4, 5, '講義的編排很舒服流暢，內容也很貼近學測考試內容，也有為各章節進行重要性評分，題目難易度適中，很推薦給學妹們喔！'),
(122, 20220511104334, 30, 5, 4, 3, 3, 5, '簡單明瞭易懂...！\r\n而且每個小'),
(124, 20220511203401, 9, 5, 5, 5, 4, 4, '整體來說難度算是蠻高的，如果自認英文程度沒有很好的話就不推薦這本。但如果程度有中上的話寫這本可以認識蠻多酷酷的字，可以學起來用在作文裡還不錯 (寫完之後一定要好好訂正才有用)。我自己是一天寫半回，加上訂正大概需要半小時左右，整本書有80回，可以寫蠻久的。'),
(125, 20220511214503, 2, 4, 5, 4, 3, 3, '就是工具書，有需要的時候拿出來翻就好了\r\n我個人是有整本讀過啦，但最後發現都忘得差不多了，投資報酬率不高'),
(126, 20220511215318, 16, 5, 5, 4, 5, 5, '就是很棒啊，大家都推\r\n詳解寫得很詳細，除了翻譯之外，詩裡面的典故也會提到\r\n每一回的分量不多，一天寫一回或兩天寫一回剛剛好(閱讀就是要一直練才會有手感)'),
(127, 20220511220047, 21, 4, 3, 2, 3, 3, '那時候本來想說多看一點，所以買了古文三十，但後來發現真的只會考古文十五，只要買古文15的書就行了。\r\n這本書基本上就中規中矩，該有的都有，後面每一篇文章還會附一些練習題，題目裡面有字音字形、文意推論等等，算是蠻完整的\r\n關於古文，我通常是一天看一篇，要看得很仔細，字音字形文意都要熟，然後可以多看幾輪就比較不會忘。'),
(128, 20220511222354, 31, 5, 5, 3, 5, 5, '地科必買書籍，超推'),
(129, 20220511222649, 35, 1, 1, 5, 1, 1, '這本超級不推，就算別人送你也不要寫，我猜它的前身應該是指考的書，然後換了個名字之後再拿來賣。裡面都有一些學測根本不會考、根本沒教過的國學常識'),
(130, 20220511222955, 78, 2, 3, 4, 3, 2, '優點：含分科內容\r\n缺點：排版不順，追求版面精美者不推薦購買\r\n\r\n其他：生物講義建議選擇圖多一點的'),
(131, 20220511223129, 59, 4, 4, 4, 5, 5, '這本書整體來說不錯，每一回都有一定份量的非選擇題，格式上跟學測蠻接近的。難度部分，它每一回編的人是不同老師，所以難度差異蠻大的，寫到後面某幾回可能會覺得特別挫折，但整體來說難度還是跟學測蠻接近的，算是適合拿來刷題的書。'),
(132, 20220511223331, 67, 3, 3, 2, 3, 4, '偏簡單的一本閱讀測驗，優點是非選題很多，想要練非選的話再考慮這本(裡面的排版也做得蠻精美的啦'),
(133, 20220511223935, 33, 3, 4, 4, 3, 4, '這本是學校當時統一買的，難度差異很大，前面範例練習都很簡單，但後面單元式的題目很難，整體來說不推'),
(134, 20220511224108, 34, 1, 3, 5, 3, 3, '我自認數學還不錯，但還是覺得這本題目太難(數字很難算的那種難)\r\n我寫了一兩回就寫不下去了'),
(135, 20220511224627, 13, 4, 4, 2, 3, 4, '難度不高，大概中等上下，可以拿來增加信心、認識一些常見的單字之類的\r\n裡面的結構大概是一回閱讀、四個題目、然後會有那篇閱讀的單字整理和一些單字的練習題(文意字彙等等)\r\n偶爾會穿插一點篇章結構，反正學測也會考，可以練習一下'),
(136, 20220511224820, 14, 4, 4, 3, 1, 4, '難度大概是中上，但也不會到很難，後面會有單字和片語的整理\r\n最大的缺點就是沒有詳解，如果程度夠、只是想要每天寫一篇閱讀練練手的人可以考慮這本(但他不便宜就是了)'),
(137, 20220511225239, 15, 4, 5, 4, 3, 4, '好像是學校買雜誌送的，一個禮拜一回拿來練一下寫作文的思路還不錯。\r\n這本書分成兩個部分，前半段是訓練寫作，後半段是翻譯\r\n寫作的部分它會給你一些好用的寫法和常用的單字，整體來說還蠻不錯的；翻譯的部分一回會有四題範例和四題練習，每一題範例都會有基本的一個結構，範例寫完之後，四題練習是跟前面範例題差不多結構的句子，增強記憶。'),
(138, 20220511225408, 20, 5, 5, 4, 4, 4, '這本大家都推吧，就是神書\r\n一回會有十題，差不多一個禮拜寫一回就行\r\n每一回會有一個主題，也會給一些常用的單字，如果有空背一些用在作文裡也很不錯'),
(139, 20220511225635, 23, 3, 3, 1, 3, 3, '最大的缺點就是太簡單了，且它的題目格式是舊課綱的學測(沒有篇章結構、三篇綜合測驗)，除非是英文寫到沒題目寫了，不然不推這本'),
(140, 20220511225817, 58, 3, 3, 3, 3, 3, '就是中規中矩，題目算是不少，難度也是中間'),
(141, 20220511225944, 31, 5, 5, 4, 5, 5, '大推，這本書的難易度適中，詳解也算是蠻詳細的\r\n唯一的小缺點是題目分量不多，但拿來地毯式複習也算是夠了'),
(142, 20220511230238, 18, 3, 3, 3, 2, 2, '就是全模的歷屆，前面的錯誤偏多(題幹和題目放錯、有兩個相同選項等等)，不過都是可以一眼看出有錯的，不會有被誤導的疑慮\r\n拿來刷題用的話是還能接受'),
(143, 20220511230340, 61, 4, 4, 2, 3, 4, '偏簡單，適合拿來練習(就是模擬題本)\r\n裡面有些題目蠻有趣的，老師應該是有認真出，感覺有符合趨勢(我自己的感覺啦'),
(144, 20220511230549, 71, 3, 4, 4, 3, 1, '雖然標榜台大學生編的，而且經過校稿十次，但裡面還是有一些觀念上的錯誤，在寫的時候要注意不要被誤導\r\n北模的難度本來就偏高，如果有想要挑戰的話再考慮這本'),
(145, 20220512010719, 80, 3, 2, 2, 3, 4, '此本書題目較簡單，且內容較簡略，建議補充筆記在旁'),
(146, 20220512010801, 47, 4, 4, 3, 4, 3, '此書適合用於刷題目'),
(147, 20220512011051, 26, 3, 2, 3, 3, 2, '內容簡略，建議補充筆記在旁'),
(148, 20220512015731, 48, 4, 4, 3, 2, 3, '偶爾會出現一些選修化學的東西（如極性）\r\n題目偏保守，比較少有的沒的素養題\r\n整體來說還能接受'),
(149, 20220512020525, 49, 4, 5, 4, 2, 3, '考點蠻細，不過觀念會比較清楚\r\n分數太低不用在意，有一些可以直接把他當補充就好\r\n然後小錯誤有點多'),
(150, 20220512021052, 50, 3, 4, 4, 2, 4, '考點有點太細，然後有些題目根本是國文理解問題（？\r\n課本沒教的東西就當補充吧'),
(151, 20220512021652, 71, 4, 5, 4, 5, 4, '錯誤蠻多，像是缺圖什麼的，據說傳訊息跟他們說也只會得到「他們編得很辛苦」這種答案。\r\n可能因為是北模，常常出現一堆「這誰會」的題目。混合題的部分我猜有些是自己出的、有些是指考題，不過自己出的題目品質就不太優\r\n但詳解是真的做得滿認真，有一些新課綱被刪掉的東西，在裡面都有補充到。\r\n（不過詳解裡面給的速解法，我大部分是沒有真的派上用場啦）'),
(152, 20220512022132, 20, 5, 5, 3, 3, 4, '很好用的書，很多議題的相關單字都有。\r\n只是詳解通常只有一種標準答案，不像妙妙卷都會給兩種寫法，想知道自己寫的對不對還要問老師，有點麻煩。'),
(153, 20220512023347, 27, 5, 5, 4, 5, 5, '真的很推這本\r\n搭配輔教看觀念\r\n慢慢寫裡面的單元\r\n有感覺到在扎實複習'),
(154, 20220512092030, 16, 4, 5, 4, 5, 3, '對閱讀測驗非常有幫助，文言文、白話文、新詩古詩等等都有！而且學測考閱讀的比例真的很高，每天寫一兩回，寫完閱讀能力進步很多！而且文言文也都有翻譯，詳解算蠻好理解的～'),
(155, 20220512092439, 39, 4, 5, 3, 3, 2, '這本書有最基本要很熟很熟的15篇都在裡面，還有其他重要的選文。每一篇後面都有形音義、成語、段旨等等，內容真的非常非常多（所以很厚..）看完會很有成就感XD不過缺點就是字蠻密集的，看完眼睛都會很累???? 然後裡面有感覺沒交過的課文是正常的～只是因為它夾雜了不同版本的重要選文進來了而已喔～'),
(156, 20220512092722, 33, 5, 4, 4, 4, 5, '寫起來會感覺題目有點多，但每個主題的例題類題寫完真的會好好複習到！而且有附綜合練習本，想練模擬題的時候很方便！'),
(157, 20220512092835, 81, 5, 4, 4, 4, 5, '跟1-2冊差不多，題目量夠多也有綜合模擬試題，能夠每個主題都好好複習到！'),
(158, 20220512093048, 20, 4, 5, 4, 5, 4, '超級多的翻譯題，非常適合練中翻英。難度適中，而且詳解會寫很多不同的敘述方式。'),
(159, 20220512093213, 22, 5, 5, 4, 5, 4, '就是歷屆試題XD不過詳解真的非常非常詳細！想要查什麼單字、翻譯通通都有，推！'),
(160, 20220512093407, 26, 5, 5, 4, 5, 5, '重點整理得很好！而且字體看起來不會覺得太密集看得很累，題目也夠多、難度適中，非常推薦的一本參考書！！'),
(161, 20220513004124, 33, 4, 5, 4, 4, 4, '寫的很細，如果不會的重點可以看講義，不用一直翻以前的課本。'),
(162, 20220514012529, 62, 5, 5, 5, 5, 2, '數學程度不太好的學妹大推這本！這次的數A我四個月從4-8就是寫這個！！！！！！'),
(163, 20220514012610, 82, 3, 5, 4, 5, 4, '太細不推'),
(164, 20220518221620, 16, 4, 5, 4, 5, 5, '這本推!很適合拿來練手感!'),
(165, 20220524013934, 27, 2, 2, 2, 2, 2, '我覺得我還好'),
(168, 20220524022825, 27, 4, 5, 4, 5, 5, '這本書很願意闡述觀念與過程，不基礎不好的同學也可以重新建立紮實的基礎，\r\n蠻推薦這本參考書的，而且挑題也充分展現編輯者的功力，題目也是循序漸進，有分基礎題（單一觀念）和進階題（混合考法），最棒的是他有符合108課綱的素養題，想像無論是程度不好或是程度很好的同學都能得到很多幫助。'),
(169, 20220524053945, 77, 3, 3, 3, 3, 3, '大致上不難，個人覺得是一本沒辦法用來打好基礎但又沒辦法練難題的數學講義。'),
(170, 20220524054110, 36, 4, 5, 5, 4, 5, '以豐富度來說這本集合了所有文學常識，非常推薦買來看特定單元。'),
(171, 20220524054335, 9, 4, 5, 5, 1, 3, '詳解很爛，蠻多錯誤，但仍建議買來，全部寫完後，抓好錯誤及作答技巧幾乎準備好英文前面的大題（前提：單字量夠大）。'),
(172, 20220524070309, 31, 5, 5, 4, 5, 5, '會用很生動活潑的生活比喻讓讀者能迅速理解地科的概念，尤其是天文的部分真的大推????????圖表也做的非常精緻流暢，詳解也很詳細，幾乎每個選項都會解釋，天文的部分會畫圖呈現，非常適合暑假將全部範圍複習統整'),
(173, 20220524070620, 83, 3, 2, 3, 2, 1, '滿普通的，寫了很多長篇大論有時候卻找不到重點，文字很多，圖表偏少，沒有到很推'),
(174, 20220524071045, 78, 4, 4, 4, 2, 3, '三類必備參考書之一，裡面選修生物的觀念滿充足的，只是二類或希望學測就上的同學可能不太適合，因為有包含選修生物的內容，素養探究題的內容文章滿新穎有趣的。缺點是詳解寫的很簡單，不夠詳細'),
(175, 20220528101956, 99, 4, 5, 4, 5, 4, '內容非常完整詳細，補充也蠻多，蠻適合一年級就買來跟著段考讀。題目的話量比較少，可能需要在另外買題本。'),
(176, 20220529010451, 100, 4, 4, 4, 4, 4, '薄薄一本，可是裡面內容很多，它把蠻多舊課綱的內容都拿來講。有很多神奇的口訣，缺點是沒有題目。'),
(177, 20220529130634, 95, 3, 3, 4, 3, 3, '個人覺得題目有點出的太偏，沒有買的必要，寫完複習講義+歷屆在買'),
(178, 20220529131119, 69, 2, 3, 2, 3, 3, '國文程度好的沒必要買，有點浪費時間\r\n這本主要是課內的課程內容，對國文這個東西真的很不熟悉再考慮買\r\n我當時只寫了幾回就不寫了，比較推古今悅讀'),
(179, 20220530230824, 36, 3, 5, 3, 3, 4, '這本就是一個工具書吧查資料用 附的題目真的有人在寫嗎我也是很懷疑'),
(181, 20220614055408, 58, 4, 5, 3, 4, 5, '題目很用心，感覺上也挺符合新課綱學測考試趨勢，用色及排版在視覺上有達到降低學習難度的效果。'),
(182, 20220614060959, 58, 5, 5, 3, 4, 4, '排版好舒服，重點整理寫得很清楚，題目新，大推。'),
(183, 20220712101502, 69, 4, 4, 5, 5, 5, '很難 非常難 如果有辦法寫到70幾就很高了 建議想挑戰自我的人再寫'),
(184, 20220712101625, 94, 2, 3, 4, 4, 5, '很偏 有點難 會寫到生氣'),
(185, 20220712101801, 60, 4, 4, 3, 5, 4, '內容很不錯 如果是對之前的學測很棒 可是面對111數A的難度 這本就不太夠力 偏簡單'),
(186, 20220712102000, 57, 3, 2, 3, 3, 2, '好像大多題目都是往年模擬考的摘錄 常常發生題目重複的問題 題目也因為是模考題所以蠻偏的 但整體又偏簡單 不推'),
(187, 20220712102127, 31, 5, 5, 4, 5, 5, '內容很詳細 整本看完地科就沒什麼問題了 美編也很賞心悅目 好書推推'),
(189, 20220712102333, 61, 5, 5, 5, 5, 4, '題目難度較111稍難 非常適合當學測前的練習使用 出題方向也有抓到 混合題也不錯 好書推推'),
(190, 20220712102654, 21, 4, 4, 4, 4, 4, '整體還不錯 字音字形花個幾小時整理好前兩題應該不會錯 如果有時間可以把部訂15以外的另15篇也看看 有可能會考 建議邊作筆記精讀一遍 或搭配課本一起複習 好書推推'),
(191, 20220712105858, 31, 5, 4, 2, 4, 5, '這本書圖多多且生動，不是全部都是死死的文字！非常適合用來讀地科這種需要大量記憶的科目。裡面也有很多記憶小技巧，對於比較難以想像的記憶點也都很有幫助，整體而言用是非常推薦的！'),
(192, 20220712110428, 45, 5, 4, 3, 4, 4, '適合用來課後單元複習！題目能綜合單元觀念，且題型也蠻貼近108的出題方式，每個單元也都有手寫練習。在詳解的部分大都很詳細，如果想練習中等難易度的題目，這本還蠻推薦的！'),
(193, 20220712110949, 58, 4, 4, 2, 3, 4, '內容熟讀後來應付學測應該是沒有太大的問題，在表格的部分也都整理地還蠻詳細的！對於化學需要比較記憶與比較的科目，或是比較喜歡看表格記憶的人，這本或許會蠻適合的！而且每個單元後面也有練習題目，不會太難，可以用來檢視觀念'),
(194, 20220712112140, 72, 5, 5, 3, 4, 5, '這本書也是表格多，圖也多的！學測前生物讀這本應該很夠！！後面也有大量單多選、素養及手寫題，可以整合及複習單元觀念，整體而言用下來是蠻推薦的！祝學弟妹學測加油！'),
(195, 20220712134948, 105, 2, 4, 2, 1, 5, '單元重點整理還行，但題目很鳥，會寫到很生氣。不過美編不錯，看著賞心悅目。'),
(196, 20220712140345, 106, 5, 5, 3, 5, 4, '上中下三件套只要讀熟再配合歷屆刷題，學測地理躺著過 直接用到分科也沒問題'),
(197, 20220713061455, 27, 4, 3, 4, 3, 3, '有些單元很困難、有些很簡單，感覺難度不一\r\n我喜歡他裡面還會在單元的最後用一個小框框整理常見的觀念錯誤\r\n不過比較細節的觀念可能因為篇幅關係就沒有很詳細\r\n建議讀這本的時候還是要搭配學校的輔教去念才會比較紮實\r\n總而言之是個方面都還不錯的書！'),
(198, 20220713114504, 80, 4, 4, 4, 3, 3, '除了黑白藍三個顏色意外就沒有其他顏色了，而且看起來舊舊的感覺（？\r\n有些東西是新課綱不會考的，像是晶體的結構，要買這本書的話可以再去問問老師哪些是不會考的\r\n內容比關鍵六十豐富'),
(200, 20220713115402, 27, 5, 5, 4, 5, 5, '和關鍵六十同一個廠商所有重複的題目其實蠻多的，建議買一本就好\r\n相較關鍵六十這本的基礎比較多，如果是跟物理不熟的人推薦買這本，題目也比關鍵六十多，還有收錄素養題\r\n後面也收錄了物理的實驗（關節六十也有，而且一模一樣，我就是個大冤種^^'),
(201, 20220713120358, 117, 4, 3, 4, 4, 4, '和大滿貫是同一個廠商，所以重複的部分偏多，可以買一本就好\r\n優點是有本小冊子可以帶去考場看，內容比較精簡，是給都有牢牢記得內容的同學的用書\r\n（什麼叫「叫你上傳圖片聽不懂人話是不是」凶欸????）'),
(203, 20220713122506, 97, 3, 3, 4, 3, 4, '真的只整理重點的一本書，有一本獨立的重點整理可以帶去考場看，其實就是沒了題目的關鍵六十啦\r\n每一個單元的題目都只有幾題，不過大多是比較有深度的題目\r\n另外有機的反應跟氧化還原的反應式那邊整理的不錯'),
(204, 20220713135613, 21, 4, 5, 3, 3, 5, '一本編得很不錯的古文三十，排版舒服，會附上各出版社對同一個詞語的不同解釋，題目量偏少，還有各個朝代的文學整理、字音字形字義，古今字義不同的整理等等，我覺得這本CP值比搶救高。但有些小地方寫得稍微不直覺了一點，但是問別人應該是可以解決的。'),
(205, 20220713135759, 69, 4, 3, 4, 3, 5, '題目量適中，難度中間偏難，排版乾淨整潔舒適，會讓人願意一直讀下去。前面有表格整理各課的重點，適合沒有忘得太乾淨的人或是國文有一點底子的人；我覺得非選題的部分出得比較難一點，要注意有些詳解寫得還蠻神奇的（但問學校老師或是自己想一下是完全可以解決的！）。'),
(206, 20220713135930, 79, 5, 5, 4, 5, 5, '推，題目量適中而且有分難度，觀念講解很清楚，我一個數學白癡都完全能夠理解的那種，排版舒適，空間留得很夠，寫起來不會傷眼。'),
(208, 20220713140612, 119, 5, 4, 5, 5, 5, '題目量適中，難度適中（有分簡單題目跟難的題目），解析都寫的很清楚，文章翻譯也是，字蠻大的，對眼瞎人非常友善，排版等都清楚乾淨舒服，寫起來完全不會不耐煩！'),
(209, 20220713140943, 120, 4, 4, 3, 4, 5, '適合沒有忘得太乾淨or歷史老師有在上複習的人，因為有些東西他就是提一下而已不會講的非常深入（厚度也不厚）。排版很讚，紙質也適合用鉛筆。題目有簡單的也有難的，手寫題出得不錯，解析寫的算清楚，但有舊課綱的內容可能要自己斟酌一下。這本我來來回回讀了四次左右，缺點大概是沒有1-3冊總複習的題目&amp;晟景的特色就是會有舊課綱的題目。'),
(210, 20220713141042, 121, 4, 3, 2, 4, 5, '整理的是不錯，但題目出得非常機車（我的地理非常差⋯⋯不太能判斷他好或是不好），排版很棒！'),
(211, 20220713141315, 122, 5, 5, 5, 5, 5, '大力推薦，超好用的，排版、題目、詳解、整理、舉例、圖等等都很好，還有1-3冊的複習以及三科合在一起的模擬試題，我大概讀了兩三次吧，是個會讓人想讀書的講義。缺點是手寫題的格子就是一個大格，字數要自己算還有其實沒有很適合鉛筆。'),
(212, 20220713141427, 57, 3, 3, 3, 2, 4, '就題庫，但會有選修的內容，而且題目難易度落差很大，手寫題的參考答案老是超過字數。如果要練手感是可以考慮買一本，但不要太鑽牛角尖。'),
(213, 20220713195359, 66, 5, 4, 3, 4, 3, '前面範例的部分都偏簡單，比較適合觀念還有點不熟的人，歷年大考精選跟資優挑戰通常只有兩頁，個人覺得太少了，最後面沒有總複習的題目可以寫，需要去另外買'),
(214, 20220713200635, 97, 3, 4, 5, 3, 2, '重點式複習，詳解也沒有很詳細，會寫出一堆不知道哪來的數字，所以我當時是一邊寫一邊查輔教，對化學不好的人不推薦'),
(215, 20220713203103, 27, 5, 4, 4, 4, 4, '對物理不好的人很有用，寫的很詳細，每個單元也會有概念釐清的小區塊'),
(216, 20220714072849, 41, 5, 5, 4, 4, 4, '難度蠻適中的，適合讀的差不多的來寫'),
(217, 20220714075222, 123, 4, 4, 5, 4, 3, '整體而言還不錯，題目蠻豐富的，但有些單元沒有寫到，建議還是可以搭配以前的講義複習，題目有基礎題跟進階題，個人認為難題可以不用在上面鑽牛角尖，他前面的題目在各單元經典考題中都會出現類似的考題，可以把觀念再複習一次'),
(218, 20220714075841, 27, 5, 5, 4, 5, 4, '這本我自己很推，內容很詳盡，題目也很多，有很多題庫題跟歷屆試題，在各單元的後面也有素養試題可以寫（但個人認為素養題有時太偏了，很難想到）整本寫完可以把觀念弄的很清楚，但題目很多，如果你是二階可惜沒上才要考分科的，建議寫關鍵60天，題目很相近，不建議都買'),
(219, 20220714080347, 97, 4, 4, 4, 3, 2, '這本題目跟內容很豐富也很詳盡，但內容太超課綱了，有很多自己根本沒學過的東西，如果你想自我增長可以寫完去問老師，但不建議在上面鑽研，書的色調很單調，但這本是最推的分科測驗化學講義了'),
(220, 20220714080617, 117, 3, 3, 3, 3, 4, '內容很少，大部分只有歷屆試題，各單元的複習也只有一點點，除非剩下的時間很短，不然這本不推，時間很多的話裡面的內容你都還會再寫一次（練歷屆的時候）'),
(221, 20220714081047, 109, 3, 3, 3, 3, 3, '題目沒有很多，內容也很少，大部分都是歷屆試題，時間如果沒有剩很少就不要買這本，反正以後都會再寫一次'),
(222, 20220715105023, 20, 4, 4, 3, 3, 3, '單字量滿多的，題目量也很夠，基本上這本就夠了。排版還不錯。拿來練手感跟語感不錯。'),
(223, 20220716025511, 16, 4, 5, 3, 4, 5, '書中含有豐富的題目可供考生練習，並且更加了解新型學測的考型及趨勢，只要每天循序漸進，照著自己的步調下去練習，時間久了之後必能對閱讀有所收穫，也能更加掌握答題的技巧'),
(224, 20220716025631, 36, 5, 5, 3, 5, 5, '是一本非常實用的工具書，只要忘記什麼國學常識，基本上搶救裡面都有，可以隨時翻閱'),
(225, 20220716034137, 102, 4, 4, 3, 3, 4, '主題範圍很廣，很適合拿來累積自己的閱讀能力！題目也很活，不僅限於選擇題，也有那種表格回答題可供練習！'),
(226, 20220716112235, 38, 4, 3, 4, 3, 3, '還可以'),
(227, 20220717030822, 115, 4, 5, 5, 4, 1, '適合刷題'),
(228, 20220717085643, 21, 4, 5, 3, 2, 5, '排版很清晰也很好看，但我自己覺得這本書題庫的題目偏簡單，詳解也不是很仔細（不會每個錯的選項都解釋，會直接解釋對的選項為什麼對）有些題目的答案是錯的，如果看詳解不是很清楚一定要記得多問老師同學噢！'),
(229, 20220717085824, 42, 2, 3, 2, 2, 5, '封面很有質感，內頁有附一些貼紙（倒數100天50天之類的）。題目跟詳解的錯誤率頗高'),
(230, 20220717091908, 59, 3, 4, 4, 4, 4, '我覺得這本每回都有些題目是那種不符合學測趨勢很生硬的國學題，除此之外題目挺不錯的（出題方式及內容很像學測'),
(231, 20220717092109, 94, 4, 4, 4, 3, 3, '這本每回的出題類型及方式都與學測相仿，所以我覺得不錯'),
(232, 20220717093452, 106, 5, 5, 4, 5, 5, '中女中地理老師出版，內容以大表格為重，非常有系統的整理資訊；且圖文並茂，實景圖都是老師親自取景拍攝的啊！！總之這本書內容詳盡卻不雜亂，題目也都很有份量（素養手寫題/練習題/歷屆精選），三本好好讀完真的受用無窮'),
(233, 20220717111029, 39, 5, 5, 5, 4, 3, '書中將文言文的解釋以及文本分析寫的十分詳細，在後面也有形音義的比較，甚至有各個不同時代的文學、作家、流派等等的表格整理，若多花點時間詳讀（真的得花不少時間）我相信對國文科方面的準備會相當有益處（個人還有配合一直以來上課的筆記在讀）\r\n雖然國文乍看之下並沒有範圍可言～但學測當中所出的題目有一定的比例是只要熟讀就能把握的，因此我認為這本書十分適用於準備學測上????'),
(234, 20220717111316, 16, 4, 5, 4, 5, 3, '是個鍛鍊閱讀能力的好工具????且此書在不同領域都有對應主題的文本，多看讓自己熟練，考試不管遇到什麼也就不會那麼陌生或害怕，相對的可能還能增加自己閱讀的速度以及流利度喔～推'),
(235, 20220717111551, 31, 5, 5, 4, 4, 5, '是個人在地科複習講義中最推薦的講義～內容搭配圖示讓人能很清楚的釐清觀念，也很方便記憶'),
(236, 20220717111921, 80, 4, 4, 3, 4, 4, '題目多但偏簡單，比較適合當初步刷題用書，若是觀念複習的話，我認為還要再配合其他講解詳細的講義使用較為恰當'),
(237, 20220717112249, 71, 4, 3, 4, 5, 2, '行有餘力再當成最後刷題用書就好，個人認為也並非那麼需要，北模題目本來就比較難，當作練手感吧～詳解與題目有時會有些小錯誤，如果真的寫到不知道要寫什麼再來～'),
(238, 20220717112345, 94, 3, 4, 5, 4, 5, '當初看他很漂亮就買了\r\n但建議學弟妹這本不要當作唯一一本題庫，真的太難了（我的學測成績大概跟這本分數差了20-30分），可以拿來練手感或是打擊信心用（？\r\n裡面的文言文難度很高（但字音字形可以參考或是拿來背）\r\n總之想衝滿級的或是程度本來就不錯的可以挑戰，但能力不太好的或是文言文特別弱的就不太建議了，沒有什麼練的作用'),
(239, 20220717112633, 46, 4, 3, 3, 3, 2, '閱讀測驗的詳解只有中文整篇翻譯，閱測的題目詳解也跟沒寫差不多，還有題目的難易度差異也很大，只要是中一中南一中等老師出的都超難，那幾回分數會特別低\r\n但還是蠻建議可以拿來練手感跟速度，題目有很多有用的或是有幫助的'),
(240, 20220717112814, 9, 4, 4, 4, 4, 3, '我是買舊版的（自由女神封面）\r\n難度很高，但寫久真的會進步很多（前提是可能本來英文就均標以上）\r\n詳解認真寫，裡面的單字也有很多是必考的（或是拿來練單字的語感也很不錯）'),
(241, 20220717113119, 106, 3, 5, 4, 5, 4, '分成三冊，內容超級詳細\r\n但如果高一二有認真上課，目標不是滿級分的話，個人覺得買另外一本龍騰的就很夠用了（綠色封面一冊的）\r\n如果對地理沒有很大熱情，真的不會三冊都超級認真看完：）'),
(242, 20220717113235, 60, 4, 4, 5, 4, 2, '難度頗高，打擊信心用'),
(243, 20220717113449, 16, 4, 4, 2, 5, 3, '文言文跟閱讀都會練習到，但身邊很少朋友（包含我）會全部寫完\r\n學校通常都會在課堂印一些閱測來寫，單論閱測的話，題目很不錯，練手感很有用，但如果自身國文閱測沒有很差的話，其實可以省下這筆錢'),
(244, 20220718125304, 28, 4, 5, 3, 3, 5, '很適合一開始拿來一個單元一個單元的複習，題目難易度滿剛好的\r\n不會太簡單，也不會難到打擊信心????\r\n缺點就是圖比較小，大多數都是表格整理，有一些雜訊\r\n推薦還是要再自己整理過！'),
(245, 20220726094701, 16, 4, 4, 3, 4, 3, '人手都應該要一本!! 要練閱讀一定要入手啊!????❤️很推推');

--
-- 已傾印資料表的索引
--

--
-- 資料表索引 `book`
--
ALTER TABLE `book`
  ADD PRIMARY KEY (`id`);

--
-- 資料表索引 `mail`
--
ALTER TABLE `mail`
  ADD PRIMARY KEY (`id`);

--
-- 資料表索引 `questionnaire`
--
ALTER TABLE `questionnaire`
  ADD PRIMARY KEY (`id`);

--
-- 在傾印的資料表使用自動遞增(AUTO_INCREMENT)
--

--
-- 使用資料表自動遞增(AUTO_INCREMENT) `book`
--
ALTER TABLE `book`
  MODIFY `id` int(11) NOT NULL AUTO_INCREMENT, AUTO_INCREMENT=125;

--
-- 使用資料表自動遞增(AUTO_INCREMENT) `mail`
--
ALTER TABLE `mail`
  MODIFY `id` int(11) NOT NULL AUTO_INCREMENT, AUTO_INCREMENT=39;

--
-- 使用資料表自動遞增(AUTO_INCREMENT) `questionnaire`
--
ALTER TABLE `questionnaire`
  MODIFY `id` int(11) NOT NULL AUTO_INCREMENT, AUTO_INCREMENT=246;
COMMIT;

/*!40101 SET CHARACTER_SET_CLIENT=@OLD_CHARACTER_SET_CLIENT */;
/*!40101 SET CHARACTER_SET_RESULTS=@OLD_CHARACTER_SET_RESULTS */;
/*!40101 SET COLLATION_CONNECTION=@OLD_COLLATION_CONNECTION */;
